<?xml version="1.0" encoding="UTF-8"?>
<beans xmlns="http://www.springframework.org/schema/beans"
       xmlns:xsi="http://www.w3.org/2001/XMLSchema-instance"
       xmlns:context="http://www.springframework.org/schema/context"
       xmlns:aop="http://www.springframework.org/schema/aop"
       xmlns:jpa="http://www.springframework.org/schema/data/jpa"
       xsi:schemaLocation="
      http://www.springframework.org/schema/beans 
      http://www.springframework.org/schema/beans/spring-beans.xsd
      http://www.springframework.org/schema/context 
      http://www.springframework.org/schema/context/spring-context.xsd
      http://www.springframework.org/schema/aop 
      http://www.springframework.org/schema/aop/spring-aop.xsd
      http://www.springframework.org/schema/data/jpa 
      http://www.springframework.org/schema/data/jpa/spring-jpa.xsd">

    <bean class="org.springframework.beans.factory.config.PropertyPlaceholderConfigurer">
        <property name="locations" 
                  value="classpath:configuration/properties/persistence.#{systemProperties['spring.profiles.active']}.properties"
        />
    </bean>
    
    <jpa:repositories base-package="com.walkover.user.api.dao.repository"/>
    
    <bean id="entityManagerFactory" class="org.springframework.orm.jpa.LocalContainerEntityManagerFactoryBean">
        <property name="dataSource" ref="dataSource"/>
        <property name="jpaVendorAdapter" ref="jpaVendorAdapter"/>
        <property name="persistenceUnitName" value="psql-security"/>
        <property name="jpaProperties">
            <props>
                <prop key="hibernate.connection.release_mode">auto</prop>
            </props>
            
            
        </property>
    </bean>
    
    <bean id="dataSource" class="com.mchange.v2.c3p0.ComboPooledDataSource" destroy-method="close">
        <property name="driverClass" value="${com.walkover.user.api.db.driver}"/>
        <property name="jdbcUrl" value="${com.walkover.user.api.db.url}"/>
        <property name="user" value="${com.walkover.user.api.db.user}"/>
        <property name="password" value="${com.walkover.user.api.db.password}"/>
        <property name="initialPoolSize" value="5" />
        <property name="minPoolSize" value="5" />
        <property name="maxPoolSize" value="50" />
        <property name="maxIdleTime" value="300" />
    </bean>
    
    <bean id="transactionManager" class="org.springframework.orm.jpa.JpaTransactionManager">
        <property name="entityManagerFactory" ref="entityManagerFactory"/>
    </bean>

    <bean id="jpaVendorAdapter" class="org.springframework.orm.jpa.vendor.HibernateJpaVendorAdapter">
        <property name="database" value="${com.walkover.user.api.db.kind}"/>
        <property name="databasePlatform" value="${com.walkover.user.api.db.platform}"/>
        <property name="showSql" value="false"/>
    </bean>

    <bean id="springSecurityFilterChain" class="org.springframework.security.web.FilterChainProxy">
    </bean>
   
    <!--    
    cache configuration
    -->
</beans>

