<?xml version="1.0" encoding="UTF-8"?>
<beans xmlns="http://www.springframework.org/schema/beans" 
       xmlns:xsi="http://www.w3.org/2001/XMLSchema-instance"
       xmlns:p="http://www.springframework.org/schema/p" 
       xmlns:context="http://www.springframework.org/schema/context"
       xmlns:mvc="http://www.springframework.org/schema/mvc"
       xmlns:task="http://www.springframework.org/schema/task"
       xmlns:tx="http://www.springframework.org/schema/tx"
       xmlns:security="http://www.springframework.org/schema/security"
       xmlns:cache="http://www.springframework.org/schema/cache"
       xsi:schemaLocation="
        http://www.springframework.org/schema/beans 
        http://www.springframework.org/schema/beans/spring-beans.xsd
        http://www.springframework.org/schema/context 
        http://www.springframework.org/schema/context/spring-context.xsd
        http://www.springframework.org/schema/mvc
        http://www.springframework.org/schema/mvc/spring-mvc.xsd
        http://www.springframework.org/schema/task 
        http://www.springframework.org/schema/task/spring-task.xsd
        http://www.springframework.org/schema/tx 
        http://www.springframework.org/schema/tx/spring-tx.xsd
        http://www.springframework.org/schema/security 
        http://www.springframework.org/schema/security/spring-security.xsd
        http://www.springframework.org/schema/cache 
        http://www.springframework.org/schema/cache/spring-cache.xsd">
    
    <import resource="infrastructure.xml"/>
    
    <bean id="validator" class="org.springframework.validation.beanvalidation.LocalValidatorFactoryBean"
          p:messageInterpolator-ref="messageInterpolator" p:validationMessageSource-ref="messageSource"/>

    <bean id="messageInterpolator"
          class="org.hibernate.validator.messageinterpolation.ResourceBundleMessageInterpolator"/>

    <bean id="messageSource" class="org.springframework.context.support.ReloadableResourceBundleMessageSource"
          p:basename="classpath:i18n/messages"/>
    
    <tx:annotation-driven transaction-manager="transactionManager" />
    
   <!--- <task:annotation-driven executor="asyncExecutor" exception-handler="asyncExceptionHandler" scheduler="taskScheduler"/>
    <task:executor id="asyncExecutor" pool-size="50" rejection-policy="CALLER_RUNS"/>
    <task:scheduler id="taskScheduler" pool-size="20" />
    -->
    <!--<cache:annotation-driven cache-manager="cacheManager" />-->
 
</beans>
